gunluk vaka sayi;gunluk test sayi;gunluk iylesen sayi;Toplam asi;Gunluk Asi;Toplam vaka;gunluk olum ;Toplam olum
975;128,854;946;147734958;6773;15072747;4;98965
908;133,352;1,005;147728185;7278;15071772;4;98961
864;129,961;1,107;147720907;1098;15070864;2;98957
966;138,752;1,104;147719809;1944;15070000;3;98955
940;134,252;1,237;147717865;6372;15069034;4;98952
1,31;139,482;1,289;147711493;6347;15068094;5;98948
1,26;137,573;1,225;147705146;8136;15066784;4;98943
1,304;136,332;1,184;147697010;9317;15065524;6;98939
922;123,536;1,105;147687693;9113;15064220;3;98933
905;118,852;1,019;147678580;1257;15063298;5;98930
1,264;138,386;1,219;147677323;3445;15062393;3;98925
1,017;129,945;1,148;147667323;3111;15060112;4;98918
1,485;137,73;1,389;147663432;2398;15060112;4;98918
1,443;135,563;1,274;147661034;10868;15058627;3;98914
1,608;138,894;1,219;147650166;11838;15057184;7;98911
1,254;128,957;1,358;147638328;12793;15055576;4;98904
1,154;120,183;1,19;147625535;1927;15054322;10;98900
1,407;127,538;1,645;147623608;2761;15053168;5;98890
1,534;134,027;1,673;147620847;14569;15051761;7;98885
1,778;135,738;1,816;147606278;14133;15050227;8;98878
1,67;129,362;1,711;147592145;15284;15048449;9;98870
1,858;134,646;1,511;147576861;16632;15046779;7;98861
1,542;109,958;1,463;147560229;17828;15044921;8;98854
1,48;98,758;1,526;147542401;2193;15043379;9;98846
1,661;102,242;1,843;147540208;4161;15041899;11;98837
1,743;135,316;2,239;147536047;15887;15040238;7;98826
1,253;101,263;1,782;147520160;14748;15038495;11;98819
1,132;90,301;1,185;147505412;2271;15037242;7;98808
1,193;92,562;1,354;147503141;1743;15036110;10;98801
1,344;97,783;1,402;147501398;1577;15034917;8;98791
1,48;108,802;2,113;147499821;1157;15033573;12;98783
1,772;119,264;3,147;147498664;3390;15032093;11;98771
1,924;127,095;7,718;147495274;12601;15030321;9;98760
2,256;135,253;10,289;147482673;12586;15028397;15;98751
2,479;137,647;12,141;147470087;14243;15026141;16;98736
2,511;132,633;13,167;147455844;14236;15023662;14;98720
2,604;134,346;16,981;147441608;15360;15021151;15;98706
2,277;127,253;14,434;147426248;3019;15018547;15;98691
2,654;137,853;15,927;147423229;5677;15016270;16;98676
2,898;149,252;17,808;147413229;11233;15013616;15;98660
3,354;153,733;17,303;147402858;16091;15010718;17;98645
3,668;158,523;16,319;147386767;17111;15007364;18;98628
4,217;162,855;15,017;147369656;18189;15003696;23;98610
4,542;164,493;14,29;147351467;18336;14999479;19;98587
3,268;153,318;13,683;147333131;12563;14994937;17;98568
4,086;162,253;12,229;147323131;22345;14991669;19;98551
4,425;171,946;13,312;147313131;15678;14987583;18;98532
5,127;182,446;15,161;147301011;21089;14983158;21;98514
5,529;184,758;14,493;147279922;22330;14978031;31;98493
6,635;191,026;12,152;147257592;22490;14972502;25;98462
6,893;182,216;11,207;147235102;23908;14965867;28;98437
5,609;172,461;7,315;147211194;5061;14958974;32;98409
6,986;186,226;8,825;147206133;8278;14953365;35;98377
7,12;197,554;11,217;147197855;26196;14946379;31;98342
9,354;215,229;10,885;147171659;23928;14939259;36;98311
10,314;220,536;14,332;147147731;25391;14929905;41;98275
12,213;232,135;13,568;147122340;24878;14919591;37;98234
12,647;236,343;13,958;147097462;27289;14907378;40;98197
9,021;211,068;10,312;147070173;23928;14894731;38;98157
11,783;242,186;13,421;147030173;25391;14885710;41;98119
13,367;265,362;14,858;147070173;24878;14873927;45;98078
14,336;272,196;16,435;146995383;54891;14860560;56;98033
14,993;277,537;18,856;146940492;58579;14846224;53;97977
16,19;288,968;21,256;146881913;58382;14831231;63;97924
14,364;272,435;18,526;146823531;60967;14815041;61;97861
11,194;251,242;15,402;146762564;11255;14800677;64;97800
13,849;267,848;17,673;146751309;17378;14789483;70;97736
15,303;288,14;18,965;146733931;58045;14775634;68;97666
16,894;298,461;19,553;146675886;56890;14760331;77;97598
17,161;301,014;20,309;146618996;57148;14743437;84;97521
17,426;296,866;22,184;146561848;58798;14726276;90;97437
14,933;281,242;18,537;146503050;56475;14708850;80;97347
13,081;262,116;14,263;146446575;10874;14693917;85;97267
17,328;295,004;18,269;146435701;13766;14680836;105;97182
19,126;312,117;20,274;146421935;43960;14663508;123;97077
21,354;319,26;25,619;146377975;41658;14644382;101;96954
22,345;324,058;32,364;146336317;32224;14623028;118;96853
24,614;333,196;30,553;146304093;30187;14600683;115;96735
24,404;319,649;38,812;146273906;29930;14576069;133;96620
17,426;298,252;35,568;146243976;8524;14551665;138;96487
20,465;318,846;42,751;146235452;13257;14534239;132;96349
25,401;342,365;52,269;146222195;39126;14513774;123;96217
29,492;358,846;62,245;146183069;38591;14488373;140;96094
33,243;366,536;68,822;146144478;46597;14458881;143;95954
37,407;365,005;69,294;146097881;49703;14425638;130;95811
34,343;371,684;68,815;146048178;58001;14388231;132;95681
27,671;348,146;50,241;145990177;17784;14353888;170;95549
32,389;360,353;57,894;145972393;29047;14326217;174;95379
38,283;365,614;63,311;145943346;73023;14293828;180;95205
49,424;398,242;66,873;145870323;68439;14255545;188;95025
56,78;407,536;68,268;145801884;82394;14206121;189;94837
59,885;403,117;71,545;145719490;87858;14149341;203;94648
64,275;410,435;76,832;145631632;94190;14089456;213;94445
49,792;394,263;69,845;145537442;34150;14025181;206;94232
61,764;421,855;85,552;145503292;49090;13975389;221;94026
71,736;453,947;90,117;145454202;109990;13913625;266;93805
79,708;455,201;94,413;145344212;100316;13841889;281;93539
86,6;464,085;95,526;145243896;115527;13762181;268;93258
86,07;463,335;98,199;145128369;128749;13675581;271;92990
85,026;461,513;94,402;144999620;149463;13589511;268;92719
70,355;440,183;91,164;144850157;50627;13504485;263;92451
80,454;462,252;96,664;144799530;69337;13434130;278;92188
87,411;463,855;102,094;144730193;130818;13353676;264;91910
92,406;465,563;103,988;144599375;122813;13266265;258;91646
94,176;463,241;104,409;144476562;149679;13173859;271;91388
94,73;461,955;102,673;144326883;153516;13079683;309;91117
76,632;438,553;74,936;144173367;166247;12984953;266;90808
73,787;419,556;70,169;144007120;66184;12908321;276;90542
86,193;448,347;73,526;143940936;95002;12834534;272;90266
95,065;458,142;85,758;143845934;200514;12748341;253;89994
98,602;450,044;87,932;143645420;166435;12653276;264;89741
108,563;456,241;88,647;143478985;175050;12554674;266;89477
111,096;452,363;82,168;143303935;178297;12446111;241;89211
96,514;432,131;83,274;143125638;215592;12335015;236;88970
87,934;412,352;76,552;142910046;76653;12238501;201;88734
98,715;421,435;80,402;142833393;97925;12150567;221;88533
111,157;468,152;83,536;142735468;212771;12051852;248;88312
107,53;455,463;88,014;142522697;173739;11940695;233;88064
110,682;457,885;86,671;142348958;177387;11833165;217;87831
102,601;452,173;87,562;142171571;189781;11722483;198;87614
93,261;435,513;93,438;141981790;203273;11619882;182;87416
88,145;428,214;81,53;141778517;74716;11526621;189;87234
94,783;440,017;83,261;141703801;91615;11438476;174;87045
93,586;438,252;85,503;141612186;195229;11343693;210;86871
82,18;424,164;83,225;141416957;164628;11250107;174;86661
77,434;416,536;85,501;141252329;154211;11167927;188;86487
76,341;418,427;82,203;141098118;159360;11090493;174;86299
67,023;401,636;78,362;140938758;195206;11014152;156;86125
65,503;392,281;75,422;140743552;77888;10947129;185;85969
72,856;417,161;89,926;140665664;109291;10881626;184;85784
72,555;416,453;87,192;140556373;245141;10808770;181;85600
71,843;414,312;85,948;140311232;223673;10736215;166;85419
72,615;412,031;84,426;140087559;221922;10664372;176;85253
69,658;418,253;77,612;139865637;287228;10591757;157;85077
64,935;403,836;72,106;139578409;348221;10522099;162;84920
54,1;364,426;68,895;139230188;158367;10457164;136;84758
63,967;384,263;52,016;139071821;245261;10403064;177;84622
67,857;392,438;56,256;138826560;500242;10339097;167;84278
75,564;410,116;51,675;138326318;434483;10271240;153;84278
77,722;422,028;42,573;137891835;463675;10195676;145;84125
74,266;430,253;39,226;137428160;529282;10117954;137;83980
65,236;403,104;38,242;136898878;617838;10043688;141;83843
61,727;384,049;35,163;136281040;283107;9978452;173;83702
66,237;418,264;34,592;135997933;379883;9916725;141;83529
63,214;406,796;29,197;135618050;754791;9850488;157;83388
68,413;418,823;25,502;134863259;668194;9787274;156;83231
66,467;417,787;29,316;134195065;283107;9718861;143;83075
54,724;382,888;26,561;133095065;379883;9652394;137;82932
44,869;368,913;27,492;132897714;682699;9597670;160;82795
33,52;362,836;22,161;132215015;284540;9552801;129;82635
36,731;369,027;23,325;131930475;284470;9519281;145;82506
40,786;372,516;23,968;131646005;511231;9482550;163;82361
39,681;369,647;24,854;131134774;562917;9441764;139;82198
36,684;366,363;25,638;130571857;599349;9402083;142;81917
32,176;368,842;23,104;129972508;639663;9365399;184;81917
26,099;362,535;22,024;129332845;677959;9333223;157;81733
20,138;351,965;21,214;128654886;305630;9307124;173;81576
20,47;357,536;22,109;128349256;354541;9286986;145;81258
18,91;356,106;20,351;127994715;709587;9266516;133;81258
18,771;355,753;21,605;127285128;719425;9247606;168;81125
19,095;352,438;22,816;126565703;804231;9228835;179;80957
19,859;353,152;25,532;125761472;848947;9209740;187;80778
18,762;351,253;24,497;124912525;853834;9189881;176;80591
16,91;349,193;22,858;124058691;433342;9171119;171;80415
17,644;342,183;25,568;123625349;480568;9154209;191;80244
18,141;354,857;24,245;123144781;751315;9136565;190;80053
18,1;354,003;25,664;122393466;356339;9118424;167;79863
19,872;357,325;25,239;122037127;101838;9100324;193;79696
21,477;358,117;24,042;121935289;131256;9080452;181;79503
18,796;351,536;23,242;121804033;148382;9058975;171;79322
17,956;345,754;22,648;121655651;55111;9040179;182;79151
19,255;349,221;23,18;121600540;67812;9022223;191;78969
18,561;347,232;25,129;121532728;138702;9002968;176;78778
19,696;350,522;27,263;121394026;117178;8984407;195;78602
20,874;356,254;29,883;121276848;116058;8964711;192;78407
22,687;355,317;24,366;121160790;118362;8943837;198;78215
20,033;354,269;25,611;121042428;131990;8921150;187;78017
19,357;350,937;24,278;120910438;52898;8901117;185;77830
20,374;353,035;19,463;120857540;68867;8881760;228;77645
21,495;355,226;20,193;120788673;147820;8861386;187;77417
21,747;354,385;22,284;120640853;124040;8839891;192;77230
22,556;355,252;24,113;120516813;126162;8818144;196;77038
25,216;359,42;24,498;120390651;129022;8795588;207;76842
24,317;358,816;23,273;120261629;147131;8770372;189;76635
21,655;350,385;20,007;120114498;56073;8746055;213;76446
23,759;358,274;25,103;120058425;70720;8724400;192;76233
24,002;361,229;25,341;119987705;142772;8700641;201;76041
24,467;363,043;29,639;119844933;118858;8676639;222;75840
27,592;364,351;28,285;119726075;123972;8652172;175;75618
28,17;365,412;29,353;119602103;128231;8624580;208;75443
24,856;361,005;28,935;119473872;146153;8596410;193;75235
21,177;350,163;34,29;119327719;55435;8571554;195;75042
23,347;352,335;29,163;119272284;71817;8550377;201;74847
23,81;356,563;28,749;119200467;170669;8527030;218;74646
22,234;357,223;29,538;119029798;146728;8503220;226;74428
23,867;358,784;28,543;118883070;155265;8480986;229;74202
25,101;356,514;27,447;118727805;168125;8457119;227;73973
23,852;350,933;25,258;118559680;192645;8432018;215;73746
21,624;346,642;20,55;118367035;64358;8408166;189;73531
22,583;347,426;25,254;118302677;83507;8386542;215;73342
23,637;354,287;25,164;118219170;189268;8363959;217;73127
24,898;356,004;24,36;118029902;163056;8340322;197;72910
27,259;358,251;27,513;117866846;143025;8315424;203;72713
28,662;359,56;28,859;117723821;161504;8288165;196;72510
27,824;357,832;28,255;117562317;183785;8259503;187;72314
25,304;347,783;28,852;117378532;66812;8231679;200;72127
27,474;358,326;30,584;117311720;88300;8206375;203;71927
28,193;361,422;32,201;117223420;214996;8178901;198;71724
29,482;362,832;34,743;117008424;177095;8150708;228;71526
29,764;363,238;33,366;116831329;167832;8121226;246;71298
29,796;361,533;29,837;116663497;177263;8091462;224;71052
28,678;356,643;29,296;116486234;205283;8061666;217;70828
23,948;347,362;26,175;116280951;70738;8032988;201;70611
23,096;344,163;28,632;116210213;86994;8009040;203;70410
24,409;351,373;30,846;116123219;99423;7985944;209;70207
25,528;354,58;27,651;116023796;161935;7961535;229;69998
26,896;355,947;30,542;115861861;187267;7936007;210;69769
29,643;356,636;31,467;115674594;194083;7909111;215;69559
27,663;351,152;30,824;115480511;224799;7879468;232;69344
24,792;338,536;24,403;115255712;91115;7851805;195;69112
26,217;351,184;27,663;115164597;123898;7827013;217;68917
28,192;363,553;30,302;115040699;232925;7800796;228;68700
28,465;362,213;29,16;114807774;187264;7772604;198;68472
29,76;361,35;28,803;114620510;194818;7744139;214;68274
30,862;360,849;27,352;114425692;218058;7714379;223;68060
29,24;351,165;26,539;114207634;236122;7683517;214;67837
24,114;341,426;24,403;113971512;109276;7654277;186;67623
28,537;357,167;25,611;113862236;152703;7630163;212;67437
30,694;363,536;25,513;113709533;291276;7601626;181;67225
30,709;362,217;26,461;113418257;234957;7570932;203;67044
31,248;361,164;30,331;113183300;242206;7540223;236;66841
33,86;357,636;30,11;112941094;274468;7508975;237;66605
30,563;355,015;33,861;112666626;306217;7475115;188;66368
28,37;344,28;25,772;112360409;135057;7444552;196;66180
28,645;348,856;24,217;112225352;187589;7416182;206;65984
30,201;360,115;28,167;112037763;363453;7387537;188;65778
30,019;362,152;32,24;111674310;283112;7357336;217;65590
30,438;358,064;31,413;111391198;312875;7327317;236;65373
29,802;355,564;32,269;111078323;332665;7296879;228;65137
28,81;352,214;33,152;110745658;411865;7267077;248;64909
27,351;348,462;22,004;110333793;173855;7238267;194;64661
27,973;352,162;22,11;110159938;234194;7210916;203;64467
28,873;356,352;26,224;109925744;430131;7182943;210;64264
29,104;357,853;32,119;109495613;283107;7154070;216;64054
29,386;355,442;31,018;109195613;379883;7124966;227;63838
28,892;356,661;30,336;108734111;428209;7095580;239;63611
27,188;353,324;25,16;108305902;465498;7066688;206;63372
25,861;341,221;24,875;107840404;198481;7039500;228;63166
26,145;342,145;19,199;107641923;261628;7013639;193;62938
27,197;355,226;20,458;107380295;486569;6987494;221;62745
27,844;356,132;21,267;106893726;400962;6960297;217;62524
28,168;351,655;23,096;106492764;426502;6932453;242;62307
29,338;354,854;23,361;106066262;455001;6904285;260;62065
27,688;346,435;27,949;105611261;500311;6874947;231;61805
26,398;338,873;27,16;105110950;216856;6847259;213;61574
26,161;335,244;24,023;104894094;300878;6820861;221;61361
27,692;341,854;23,197;104593216;572278;6794700;237;61140
28,118;343,142;32,249;104020938;494127;6767008;262;60903
28,224;341,004;28,536;103526811;525195;6738890;248;60641
27,802;334,535;29,191;103001616;570009;6710666;276;60393
24,613;319,11;26,052;102431607;682949;6682864;231;60117
21,352;310,546;25,616;101748658;293904;6658251;243;59886
22,923;314,046;30,144;101454754;406087;6636899;259;59643
23,562;318,835;35,083;101048667;780742;6613976;214;59384
23,846;314,793;31,322;100267925;685318;6590414;257;59170
23,914;308,437;30,103;99582607;753961;6566568;262;58913
23,638;304,864;34,402;98828646;847051;6542654;274;58651
20,962;301,164;29,327;97981595;868298;6519016;271;58377
19,391;279,063;24,289;97113297;352089;6498054;269;58106
20,033;283,385;19,464;96761208;382825;6478663;278;57837
22,857;304,53;14,527;96378383;813077;6458630;276;57559
23,496;305,047;20,004;95565306;691422;6435773;283;57283
23,946;302,869;15,164;94873884;706330;6412277;290;57000
21,893;297,167;14,106;94167554;849216;6388331;252;56710
19,557;283,25;13,401;93318338;313482;6366438;245;56458
17,332;286,425;11,396;93004856;294482;6346881;255;56213
17,912;290,186;12,175;92710374;319371;6329549;245;55958
18,34;295,647;14,528;92391003;643458;6311637;244;55713
19,616;297,068;15,205;91747545;665998;6293297;257;55469
19,97;296,711;16,651;91081547;675810;6273681;217;55212
19,191;293,037;15,373;90405737;754580;6253711;230;54995
18,857;282,528;15,833;89651157;890632;6234520;232;54765
18,622;265,196;13,263;88760525;317175;6215663;206;54533
19,351;282,857;13,163;88443350;383910;6197041;232;54327
19,918;293,252;15,561;88059440;863866;6177690;204;54095
19,32;292,538;14,743;87195574;781852;6157772;216;53891
19,944;295,206;15,537;86413722;1409452;6138452;168;53675
21,692;294,561;14,636;85004270;948583;6118508;183;53507
18,163;287,947;16,642;84055687;717060;6096816;165;53324
18,847;281,184;14,426;83338627;473130;6078653;154;53159
19,949;284,947;15,364;82865497;843969;6059806;145;53005
21,372;285,242;16,492;82021528;585517;6039857;157;52860
22,261;281,535;15,685;81436011;1796891;6018485;138;52703
27,356;278,263;16,363;79639120;1373903;5996224;128;52565
26,597;264,647;14,954;78265217;1663158;5968868;124;52437
23,731;245,253;7,365;76602059;572669;5942271;117;52313
22,699;239,637;5,835;76029390;355112;5918540;108;52088
25,1;246,037;6,758;75674278;571800;5895841;112;52088
23,957;243,28;6,941;75102478;589597;5870741;101;51976
24,297;245,152;6,636;74512881;177177;5846784;108;51875
26,822;262,048;6,096;74335704;5482;5822487;122;51767
24,832;256,163;6,243;74330222;442841;5795665;126;51645
22,898;270,426;5,947;73887381;394322;5770833;91;51519
20,89;251,224;5,539;73493059;220392;5747935;96;51428
22,332;259,196;5,107;73272667;343025;5727045;79;51332
22,083;256,46;5,752;72929642;1086808;5704713;69;51253
22,161;261,198;5,463;71842834;1406093;5682630;60;51184
22,291;257,474;4,197;70436741;1196203;5660469;76;51124
19,761;246,648;7,108;69240538;1157548;5638178;51;51048
16,809;224,198;5,585;68082990;1276465;5618417;63;50997
14,23;223,837;5,211;66806525;1023228;5601608;55;50934
12,381;221,463;5,383;65783297;453754;5587378;58;50879
11,094;219,528;5,215;65329543;226651;5574997;60;50821
9,586;214,196;5,093;65102892;664015;5563903;52;50761
8,151;184,462;4,946;64438877;509231;5554317;59;50709
8,78;198,537;4,561;63929646;68755;5546166;46;50650
7,667;226,513;4,152;63860891;428445;5537386;50;50604
7,68;233,946;5,835;63432446;362069;5529719;66;50488
7,666;234,161;5,49;63070377;532873;5522039;38;50488
6,918;229,582;5,084;62537504;158675;5514373;35;50450
7,304;232,257;5,103;62378829;1366900;5507455;48;50415
6,907;238,867;5,063;61011929;963934;5500151;43;50367
6,285;234,439;5,162;60047995;960351;5493244;46;50324
5,404;227,273;5,506;59087644;932185;5486959;49;50278
5,261;222,068;5,242;58155459;572035;5481555;37;50229
5,53;224,184;5,217;57583424;334590;5476294;37;50192
5,67;228,826;5,126;57248834;602377;5470764;59;50155
5,171;226,427;5,012;56646457;837787;5465094;48;50096
5,16;225,253;4,636;55808670;804445;5459923;52;50048
5,299;226,651;4,446;55004225;856035;5454763;37;49996
4,678;219,737;4,735;54148190;921880;5449464;35;49959
4,418;216,252;4,161;53226310;746386;5444786;50;49924
4,537;218,924;4,913;52479924;375206;5440368;45;49874
4,891;223,782;5,352;52104718;892530;5435831;55;49829
5,288;225,537;6,219;51212188;604046;5430940;42;49774
5,496;228,163;7,191;50608142;1206697;5425652;45;49732
5,846;229,846;6,536;49401445;462728;5420156;53;49687
5,283;223,525;5,327;48938717;1165615;5414310;58;49634
4,883;215,294;5,937;47773102;693474;5409027;52;49576
5,266;222,561;7,402;47079628;445652;5404144;51;49524
5,63;222,936;7,184;46633976;802238;5398878;56;49473
5,703;223,385;5,846;45831738;880570;5393248;59;49417
5,809;224,192;5,917;44951168;871045;5387545;65;49358
6,143;223,238;5,214;44080123;450944;5381736;57;49293
5,294;221,052;5,093;43629179;1015801;5375593;51;49236
5,091;213,297;4,219;42613378;1418588;5370299;63;49185
5,48;215,496;4,195;41194790;575638;5365208;51;49122
5,575;224,128;4,427;40619152;1172951;5359728;59;49071
5,904;225,064;4,143;39446201;1707102;5354153;62;49012
6,221;227,163;4,632;37739099;1497874;5348249;71;48950
5,955;223,846;4,186;36241225;1463060;5342028;84;48879
5,626;219,29;4,585;34778165;725476;5336073;74;48795
5,012;214,957;4,194;34052689;624527;5330447;53;48721
6,076;218,758;5,112;33428162;475171;5325435;75;48668
6,261;224,128;6,217;32952991;445419;5319359;69;48593
6,408;223,32;6,895;32507572;520231;5313098;96;48524
6,454;224,193;6,647;31987341;397503;5306690;87;48428
6,609;225,527;5,836;31589838;343515;5300236;86;48341
5,647;218,164;6,576;31246323;389003;5293627;91;48255
5,386;204,827;6,003;30857320;281258;5287980;96;48164
6,126;216,156;7,161;30576062;257552;5282594;92;48068
6,169;224,681;7,617;30318510;189251;5276468;94;47976
6,602;222,847;8,54;30129259;472200;5270299;114;47882
7,181;224,15;7,372;29657059;281374;5263697;112;47768
7,112;223,482;9,457;29375685;204142;5256516;129;47656
6,493;219,461;9,582;29171543;210582;5249404;122;47527
6,933;218,957;10,763;28960961;158280;5242911;134;47405
7,656;222,613;11,18;28802681;72504;5235978;137;47271
7,773;220,162;12,284;28730177;124724;5228322;164;47134
8,426;219,465;13,102;28605453;94120;5220549;183;46970
8,738;221,214;12,205;28511333;113486;5212123;166;46787
9,375;223,104;11,192;28397847;236612;5203385;175;46621
7,523;216,655;10,003;28161235;112508;5194010;178;46446
7,839;210,291;11,202;28048727;229780;5186487;197;46268
8,697;216,658;14,472;27818947;73547;5178648;231;46071
9,528;218,846;8,852;27745400;662026;5169951;214;45840
9,385;219,192;9,271;27083374;261914;5160423;207;45626
11,553;218,683;9,271;26821460;284297;5151038;233;45419
11,937;217,276;10,125;26537163;586229;5139485;203;45186
10,174;206,836;13,864;25950934;178191;5127548;223;44983
10,512;202,243;14,418;25772743;85316;5117374;223;44760
11,472;204,637;38,814;25687427;125429;5106862;236;44537
11,394;203,073;37,261;25561998;159721;5095390;242;44301
11,534;201,295;55,472;25402277;53402;5083996;238;44059
13,029;228,192;35,167;25348875;170201;5072462;232;43821
14,497;226,452;22,253;25178674;160596;5059433;278;43589
13,604;213,863;26,953;25018078;99305;5044936;282;43311
15,191;197,468;25,694;24918773;65420;5031332;283;43029
18,052;228,873;28,896;24853353;162309;5016141;281;42746
20,107;251,194;35,529;24691044;223325;4998089;278;42465
22,388;253,382;37,298;24467719;363836;4977982;304;42187
26,476;229,491;35,464;24103883;374770;4955594;356;41883
28,997;241,747;38,218;23729113;434636;4929118;336;41527
24,733;243,648;35,438;23294477;287743;4900121;347;41191
25,98;240,145;75,182;23006734;107688;4875388;340;40844
28,817;242,194;81,302;22899046;82155;4849408;373;40504
31,891;265,287;68,183;22816891;248719;4820591;394;40131
37,674;278,108;43,253;22568172;435369;4788700;339;39737
40,444;283,261;45,198;22132803;454342;4751026;341;39398
43,301;282,192;45,592;21678461;283676;4710582;346;39057
37,312;268,893;48,027;21394785;263822;4667281;353;38711
38,553;260,28;51,236;21130963;62560;4629969;347;38358
40,596;281,183;52,297;21068403;180976;4591416;339;38011
49,438;302,091;60,176;20887427;158452;4550820;343;37672
54,791;312,109;65,593;20728975;251290;4501382;354;37329
61,967;318,839;52,213;20477685;194458;4446591;362;36975
61,028;322,128;55,592;20283227;207723;4384624;346;36613
55,149;318,869;48,947;20075504;105289;4323596;341;36267
55,802;301,243;43,856;19970215;32856;4268447;318;35926
62,606;319,316;52,184;19937359;125585;4212645;288;35608
63,082;320,078;56,51;19811774;366505;4150039;289;35320
61,4;318,217;54,894;19445269;172594;4086957;297;35031
62,797;310,42;55,413;19272675;209917;4025557;279;34734
59,187;306,563;52,104;19062758;333780;3962760;273;34455
54,562;301,068;41,218;18728978;234182;3903573;243;34182
50,678;294,274;30,194;18494796;49442;3849011;237;33939
52,676;302,735;32,539;18445354;124970;3798333;248;33702
55,791;305,103;35,786;18320384;230601;3745657;253;33454
55,941;304,492;37,914;18089783;384895;3689866;258;33201
54,74;302,108;35,503;17704888;337013;3633925;276;32943
49,584;271,547;28,498;17367875;374301;3579185;211;32667
42,551;245,496;25,627;16993574;310507;3529601;193;32456
41,998;246,21;22,674;16683067;80148;3487050;185;32263
44,756;249,126;23,214;16602919;285749;3445052;186;32078
42,308;248,968;24,419;16317170;168487;3400296;179;31892
40,806;243,738;20,817;16148683;313896;3357988;176;31713
39,302;240,012;19,193;15834787;533325;3317182;152;31537
37,303;235,298;19,925;15301462;352202;3277880;155;31385
32,404;225,511;18,015;14949260;283107;3240577;154;31230
29,058;220,109;17,164;14749260;379883;3208173;153;31076
30,021;223,214;18,892;14652659;161412;3179115;151;30923
29,081;220,985;20,208;14491247;263837;3149094;153;30772
28,731;222,753;19,186;14227410;257543;3120013;157;30619
29,762;221,738;17,761;13969867;380700;3091282;146;30462
26,182;211,848;19,201;13589167;323215;3061520;138;30316
22,216;201,215;19,494;13265952;208230;3035338;117;30178
20,428;189,906;17,615;13057722;27968;3013122;102;30061
21,061;190,129;18,815;13029754;185177;2992694;95;29959
21,03;187,859;18,119;12844577;413095;2971633;87;29864
20,049;184,452;18,615;12431482;289237;2950603;81;29777
18,912;167,526;17,161;12142245;445949;2930554;73;29696
16,749;158,386;17,893;11696296;434684;2911642;71;29623
15,503;151,113;15,893;11261612;269517;2894893;63;29552
13,378;132,425;15,516;10992095;68811;2879390;68;29489
15,082;150,098;15,287;10923284;181007;2866012;65;29421
14,941;148,856;11,18;10742277;239783;2850930;66;29356
14,046;146,386;9,231;10502494;142211;2835989;63;29290
14,556;145,13;9,193;10360283;137289;2821943;67;29227
13,755;140,828;8,639;10222994;221014;2807387;66;29160
13,215;139,429;8,106;10001980;84632;2793632;64;29094
11,187;129,299;7,785;9917348;33741;2780417;65;29030
11,77;138,592;7,291;9883607;127318;2769230;64;28965
11,302;138,214;7,711;9756289;196251;2757460;62;28901
11,322;137,885;7,873;9560038;242492;2746158;68;28839
11,52;138,018;7,191;9317546;243906;2734836;65;28771
11,837;135,291;7,892;9073640;298922;2723316;68;28706
9,891;130,536;5,947;8774718;226843;2711479;69;28638
8,424;109,639;6,511;8547875;33100;2701588;66;28569
9,193;125,716;8,938;8514775;215970;2693164;71;28503
9,205;128,387;10,282;8298805;319079;2683971;74;28432
9,572;126,527;6,21;7979726;360031;2674766;73;28358
9,561;124,015;5,297;7619695;330197;2665194;72;28285
9,107;123,734;5,546;7289498;452196;2655633;75;28213
8,104;118,816;5,69;6837302;265472;2646526;78;28138
6,546;101,105;5,002;6571830;38320;2638422;77;28060
7,857;118,911;7,21;6533510;171811;2631876;80;27983
7,419;116,674;7,498;6361699;466404;2624019;82;27903
7,241;115,406;7,217;5895295;671693;2616600;83;27821
7,325;117,121;7,209;5223602;592818;2609359;86;27738
7,906;115,794;7,189;4630784;448757;2602034;90;27652
7,945;116,452;7,106;4182027;356926;2594128;91;27562
6,287;104,108;6,91;3825101;115205;2586183;94;27471
7,706;123,305;7,215;3709896;305542;2579896;93;27377
7,763;129,63;8,108;3404354;558229;2572190;97;27284
7,59;130,313;7,811;2846125;51009;2564427;94;27187
8,642;135,867;7,903;2795116;62407;2556837;95;27093
8,636;137,712;8,109;2732709;68506;2548195;98;26998
8,103;139,378;8,567;2664203;53707;2539559;103;26900
6,67;129,715;8,201;2610496;8779;2531456;112;26797
7,897;137,649;8,089;2601717;41915;2524786;108;26685
7,901;142,538;8,217;2559802;58996;2516889;110;26577
7,909;145,067;8,815;2500806;157526;2508988;113;26467
8,102;148,192;8,314;2343280;114047;2501079;117;26354
7,795;140,12;8,639;2229233;92934;2492977;120;26237
7,719;141,703;8,016;2136299;150062;2485182;124;26117
6,562;136,418;7,006;1986237;25377;2477463;128;25993
6,871;148,785;7,1;1960860;32509;2470901;129;25865
6,912;165,094;8,093;1928351;230776;2464030;131;25736
7,279;173,21;8,902;1697575;174995;2457118;129;25605
7,489;179,419;8,803;1522580;112307;2449839;132;25476
7,103;180,303;8,108;1410273;107520;2442350;134;25344
5,642;151,109;6,682;1302753;58100;2435247;137;25210
5,277;148,425;5,86;1244653;17770;2429605;140;25073
5,856;152,758;5,811;1226883;24671;2424328;144;24933
5,967;163,342;6,018;1202212;81954;2418472;149;24789
6,289;165,109;6,113;1120258;67765;2412505;153;24640
6,435;168,894;5,932;1052493;101858;2406216;159;24487
6,818;175,133;7,218;950635;118223;2399781;167;24328
5,862;151,342;7,905;832412;125961;2392963;164;24161
6,436;148,636;8,812;706451;29548;2387101;165;23997
7,55;156,792;8,005;676903;60251;2380665;168;23832
8,314;167,211;9,109;616652;337200;2373115;169;23664
8,962;169,847;9,011;279452;279452;2364801;170;23495
